[
    {
        "nome": "GLIFAGE XR"
    },
    {
        "nome": "NEOSORO"
    },
    {
        "nome": "LOSARTANA N.Q."
    },
    {
        "nome": "CIMEGRIPE"
    },    
    {
        "nome": "MAXALGINA"
    },
    {
        "nome": "IVERMECTINA VMC"
    },
    {
        "nome": "SILDENAFILA N.Q."
    },
    {
        "nome": "PURAN T4"
    },
    {
        "nome": "DIPIRONA N.Q."
    },
    {
        "nome": "TORSILAX"
    },
    {
        "nome": "LOSARTANA EMS"
    },
    {
        "nome": "LOSARTANA TTF"
    },
    {
        "nome": "DORFLEX"
    },
    {
        "nome": "LORATAMED"
    },
    {
        "nome": "CICLO"
    },
    {
        "nome": "METFORMINA P.D."
    },
    {
        "nome": "ATENOLOL SDZ"
    },
    {
        "nome": "ARADOIS"
    },
    {
        "nome": "NOVALGINA"
    },
    {
        "nome": "CIMELIDE"
    },
    {
        "nome": "HISTAMIN"
    },
    {
        "nome": "HIDROCLOROTIAZIDA N.Q."
    },
    {
        "nome": "DIPIMED"
    },
    {
        "nome": "SORIMAX"
    },
    {
        "nome": "LEVOTIROXINA MCK"
    },
    {
        "nome": "VITAXON C"
    },    	
    {
        "nome": "BUSCOPAN CPTO"
    },
    {
        "nome": "VICK-VAPRUB"
    },
    {
        "nome": "EXPEC"
    },
    {
        "nome": "ENALAPRIL CMS"
    },
    {
        "nome": "IBUPRIL"
    },
    {
        "nome": "DECONGEX PLUS"
    },
    {
        "nome": "LOSARTANA P.D."
    },
    {
        "nome": "FLUCONAZOL CMS"
    },
    {
        "nome": "DIPIRONA EMS"
    },
    {
        "nome": "HIDROCLOROTIAZIDA MDQ"
    },
    {
        "nome": "DORALGINA"
    },
    {
        "nome": "INFRALAX"
    },
    {
        "nome": "CORUS"
    },
    {
        "nome": "DIPIRONA FAR"
    },
    {
        "nome": "SALONPAS EMPLASTRO"
    },
    {
        "nome": "STREPSILS"
    },    	
    {
        "nome": "HIDROCLOROTIAZIDA MD"
    },
    {
        "nome": "DIAD"
    },
    {
        "nome": "AEROLIN"
    },
    {
        "nome": "GLIBENCLAMIDA N.Q."
    },
    {
        "nome": "SCAFLOGIN"
    },
    {
        "nome": "NEOLEFRIN"
    },
    {
        "nome": "ACEVITON"
    },
    {
        "nome": "NISTA+ZINCO N.Q."
    }   
]











     